ID,EDAD,SEXO,CIVIL,HIJOS,INGRESO,AUTO,CHURN
0,57,Femenino,Casado,2,27535.3,Si,1
4,68,Femenino,Casado,2,81000.9,No,1
8,34,Masculino,Soltero,0,87467.1,Si,0
10,60,Masculino,Casado,2,83220.6,No,1
13,28,Femenino,Casado,2,20850.4,No,1
17,52,Masculino,Soltero,0,84112.6,No,0
19,87,Femenino,Soltero,2,3776.12,No,1
20,88,Femenino,Casado,2,73865.9,Si,1
22,76,Masculino,Casado,2,30933.6,Si,0
23,76,Femenino,Casado,1,12309.6,No,1
26,87,Masculino,Soltero,0,69864,No,1
28,90,Femenino,Casado,0,91620.6,No,0
30,62,Masculino,Soltero,0,96501.9,Si,0
31,81,Masculino,Soltero,1,3968.54,No,0
32,50,Femenino,Casado,2,13774.2,No,1
33,48,Masculino,Soltero,2,39428.2,No,0
40,37,Femenino,Soltero,2,4988.14,No,0
42,55,Masculino,Soltero,2,85753.8,No,1
49,21,Masculino,Casado,2,23564.1,No,1
55,42,Masculino,Soltero,0,37661,No,0
59,71,Masculino,Casado,2,99064,No,0
64,94,Femenino,Casado,0,87251.8,Si,1
65,33,Femenino,Casado,0,2974.76,Si,1
72,86,Femenino,Soltero,2,92885.9,No,0
73,54,Masculino,Casado,2,11676.2,No,0
78,19,Femenino,Casado,0,27842.1,No,1
80,18,Femenino,Casado,1,9925.68,No,1
84,75,Masculino,Casado,2,17562.9,Si,0
89,62,Masculino,Casado,0,50676,No,0
92,23,Femenino,Soltero,2,8383.47,Si,1
96,57,Masculino,Casado,0,28128.4,No,0
100,52,Masculino,Soltero,0,88413.4,Si,1
101,48,Masculino,Soltero,0,81420,No,1
102,77,Femenino,Casado,2,37155,Si,1
104,61,Masculino,Casado,1,85927.7,No,0
116,25,Femenino,Casado,0,38950.5,No,1
117,56,Masculino,Soltero,0,44143.1,No,1
122,45,Masculino,Casado,1,39378.9,No,0
125,59,Femenino,Soltero,1,69454.6,Si,1
130,78,Femenino,Soltero,2,74392.1,No,0
137,21,Femenino,Casado,2,75323.4,No,0
144,62,Masculino,Casado,2,94092.6,No,0
145,32,Masculino,Soltero,1,63769.7,Si,1
149,43,Masculino,Casado,0,33935.8,Si,0
154,32,Femenino,Casado,2,18913.2,No,1
155,20,Masculino,Casado,1,99398.1,No,1
160,83,Femenino,Soltero,1,96112.1,Si,1
170,46,Femenino,Casado,0,46734.5,No,1
172,66,Masculino,Soltero,0,80025.3,Si,0
173,42,Femenino,Soltero,2,49776.2,Si,1
174,27,Masculino,Soltero,2,4335.86,No,1
177,93,Femenino,Soltero,0,74912.1,Si,1
179,93,Masculino,Casado,1,25949,No,0
180,73,Femenino,Casado,0,76660.7,No,0
181,48,Masculino,Casado,0,58764.7,Si,0
187,47,Masculino,Casado,2,90070.5,No,0
188,94,Femenino,Casado,2,38925.5,No,0
195,20,Masculino,Soltero,2,9431.04,No,1
197,32,Masculino,Casado,0,38038.7,Si,0
198,19,Femenino,Soltero,0,50290.7,No,1
199,78,Femenino,Soltero,1,88990.6,Si,1
201,36,Femenino,Casado,1,5283.2,No,0
202,79,Masculino,Casado,1,37571.1,No,0
206,23,Femenino,Casado,1,22767,Si,1
208,79,Masculino,Casado,0,61985.6,No,0
216,27,Masculino,Casado,1,23234.8,No,0
217,81,Masculino,Casado,2,20759.9,No,0
218,54,Masculino,Casado,2,93476.6,Si,0
222,29,Masculino,Casado,0,20315.4,Si,0
229,68,Masculino,Casado,0,55059.2,No,0
230,64,Masculino,Casado,1,92298,No,0
244,69,Masculino,Casado,2,64113.6,Si,0
245,40,Masculino,Soltero,0,57482.7,Si,0
250,81,Femenino,Casado,1,77622.9,No,1
252,71,Femenino,Soltero,1,61302,No,0
253,90,Femenino,Casado,1,41416.8,No,1
255,42,Femenino,Soltero,1,14740.1,No,1
257,93,Femenino,Casado,1,20013.2,Si,0
258,58,Masculino,Casado,0,88811,No,0
259,43,Femenino,Soltero,2,77293,No,1
260,23,Femenino,Casado,2,70032.2,No,0
263,84,Masculino,Casado,0,88164,No,0
282,81,Masculino,Soltero,0,44073.5,No,0
285,72,Masculino,Soltero,1,95182.1,No,0
286,70,Masculino,Casado,2,52921,No,0
287,54,Femenino,Casado,1,27376,No,1
289,91,Femenino,Soltero,0,48262.4,No,1
295,50,Femenino,Casado,2,59078,Si,0
302,67,Femenino,Soltero,0,79727,No,1
307,32,Femenino,Soltero,2,5108.57,No,0
309,34,Femenino,Casado,2,94024.1,No,0
310,62,Masculino,Soltero,1,11359.6,No,0
311,49,Masculino,Soltero,0,60282.8,No,0
315,61,Masculino,Casado,0,95132.7,No,0
316,39,Femenino,Casado,1,85980.9,No,0
317,83,Femenino,Casado,0,67042,No,0
321,52,Femenino,Casado,1,24943,Si,1
326,26,Masculino,Soltero,2,8172.8,No,0
330,55,Femenino,Casado,0,79771.3,Si,1
332,58,Femenino,Casado,0,91446.4,Si,0
334,36,Femenino,Casado,2,96283.6,No,0
335,19,Femenino,Soltero,1,24896.1,No,1
336,91,Masculino,Casado,1,16785.9,No,0
340,68,Masculino,Casado,0,10421.7,No,0
348,42,Femenino,Casado,0,18199.7,No,1
352,47,Femenino,Casado,2,56816.4,No,1
356,65,Masculino,Casado,0,30057.4,Si,0
363,59,Femenino,Casado,1,50290.7,No,1
369,55,Masculino,Soltero,2,50050.5,No,1
379,39,Femenino,Soltero,1,46638.5,No,0
387,94,Femenino,Soltero,2,42983.3,No,0
388,84,Femenino,Soltero,2,32964.2,No,0
393,62,Femenino,Casado,1,63314.6,No,1
394,22,Femenino,Casado,0,42877.2,No,1
396,83,Femenino,Soltero,1,78854.9,No,1
398,29,Masculino,Soltero,0,49127.2,No,0
400,44,Masculino,Casado,2,57430.5,No,0
401,58,Masculino,Soltero,0,56286.8,No,0
402,63,Femenino,Soltero,1,83977.6,No,1
407,22,Femenino,Soltero,2,80571.6,Si,0
412,53,Masculino,Casado,1,18672,Si,1
413,34,Femenino,Soltero,0,91147.5,No,0
415,40,Femenino,Casado,1,21126.7,No,1
424,29,Femenino,Soltero,0,73032.9,No,0
427,50,Masculino,Soltero,2,48882.6,No,0
430,18,Femenino,Casado,1,57549.5,No,0
431,57,Femenino,Casado,0,81576.2,No,1
433,62,Masculino,Soltero,2,49059.4,No,0
442,55,Femenino,Soltero,0,95489.4,Si,1
448,29,Masculino,Soltero,2,35235.9,No,1
454,69,Masculino,Casado,2,30901.3,No,0
458,95,Masculino,Casado,2,92855.3,No,0
469,75,Femenino,Soltero,1,50290.7,No,1
471,55,Femenino,Casado,2,7394.15,No,0
474,67,Masculino,Casado,2,37168.9,No,0
481,59,Masculino,Casado,0,77177.1,No,0
498,89,Masculino,Soltero,2,30059.6,No,0
507,72,Masculino,Casado,0,96188.2,No,0
509,59,Masculino,Casado,2,35119.1,No,0
518,67,Masculino,Soltero,1,36415.3,Si,0
521,58,Femenino,Casado,1,1414.58,No,0
524,18,Femenino,Casado,1,9929.4,Si,0
527,87,Masculino,Soltero,1,22718.6,No,0
541,49,Masculino,Casado,1,62381.4,No,0
543,82,Masculino,Soltero,2,2271.11,No,0
545,91,Femenino,Casado,1,82051.9,No,1
546,57,Masculino,Casado,1,57272.7,No,0
550,31,Femenino,Soltero,2,85401.7,Si,0
558,58,Masculino,Casado,1,99619.9,Si,0
564,23,Masculino,Casado,2,55371.8,No,0
566,48,Femenino,Casado,0,24737.8,No,0
567,80,Masculino,Casado,0,50290.7,No,0
569,39,Femenino,Soltero,2,83996.9,No,0
572,21,Femenino,Casado,1,73138.8,Si,0
577,19,Masculino,Casado,0,58979.3,Si,0
578,88,Masculino,Soltero,1,49176.2,No,0
589,77,Femenino,Casado,0,39516.3,No,1
591,76,Masculino,Casado,2,24855.7,Si,0
594,29,Masculino,Casado,0,97996.9,No,0
598,48,Masculino,Soltero,2,87381.8,No,0
603,38,Femenino,Casado,2,81309.5,Si,0
604,34,Masculino,Casado,0,73834.9,Si,0
619,79,Femenino,Casado,0,28021.4,Si,0
621,49,Femenino,Casado,2,48334.1,No,1
623,93,Masculino,Casado,0,60325.9,Si,0
625,72,Masculino,Soltero,0,21079.2,Si,0
627,85,Masculino,Soltero,1,75991.2,No,0
630,34,Femenino,Casado,2,24325.8,Si,0
647,54,Femenino,Soltero,1,61231.7,No,1
648,94,Femenino,Casado,2,17964,No,1
654,82,Femenino,Soltero,1,80066.3,No,1
655,37,Masculino,Casado,0,43235.5,No,0
657,65,Masculino,Casado,0,50290.7,No,0
659,25,Masculino,Soltero,2,51268.5,Si,0
661,58,Femenino,Casado,2,29597.1,No,0
665,73,Masculino,Soltero,2,73240.3,No,0
668,40,Femenino,Casado,0,15980.1,Si,1
669,59,Femenino,Soltero,1,61205.6,No,1
670,60,Femenino,Casado,2,21380.9,No,1
672,67,Masculino,Soltero,0,88874,Si,0
674,43,Masculino,Casado,1,35827.5,Si,0
684,43,Femenino,Casado,0,85205.1,Si,1
692,95,Masculino,Casado,2,21213,No,0
703,52,Masculino,Soltero,1,37809.7,Si,1
704,93,Masculino,Soltero,1,68089.1,No,0
709,22,Masculino,Soltero,1,15434.3,Si,1
710,73,Femenino,Soltero,0,92405.9,No,0
715,90,Masculino,Casado,0,42248.7,No,0
722,55,Femenino,Casado,0,28528,Si,0
727,83,Masculino,Casado,2,85753.4,No,0
729,37,Masculino,Soltero,1,28906.8,No,0
747,78,Masculino,Casado,0,54864.6,No,0
763,25,Masculino,Casado,2,40774.2,No,0
765,81,Femenino,Casado,1,50613.1,Si,1
779,74,Masculino,Casado,1,60015.1,No,0
781,65,Masculino,Soltero,1,11520.3,No,0
792,57,Masculino,Soltero,2,26349.1,No,0
795,65,Masculino,Casado,2,54370.8,No,0
798,55,Masculino,Casado,2,50290.7,No,0
800,89,Femenino,Soltero,2,79133,Si,1
803,61,Femenino,Soltero,2,54643.3,Si,0
804,55,Femenino,Soltero,0,91646.6,Si,1
807,42,Femenino,Casado,1,79763.6,Si,0
812,43,Masculino,Casado,1,15425.3,Si,0
813,62,Masculino,Casado,1,65619.8,Si,1
815,38,Masculino,Soltero,2,58087.5,No,0
816,30,Femenino,Casado,2,36740.7,No,0
827,96,Femenino,Casado,2,95394,No,1
834,74,Femenino,Soltero,2,25754.9,No,0
835,40,Masculino,Casado,0,55714,No,0
844,65,Femenino,Soltero,0,36159,No,0
848,56,Masculino,Casado,1,24626,No,0
849,69,Femenino,Casado,0,49188.9,Si,1
856,57,Femenino,Casado,0,83165.7,No,1
858,70,Femenino,Soltero,2,15080.4,No,0
860,22,Femenino,Casado,2,59699.5,No,0
861,39,Masculino,Casado,1,88474.7,Si,0
863,58,Masculino,Casado,0,64789.8,No,0
867,19,Femenino,Casado,1,99261.8,Si,0
868,83,Femenino,Casado,0,89344.4,No,0
872,82,Femenino,Soltero,1,79009.7,No,0
875,96,Masculino,Soltero,0,83986.8,Si,0
877,48,Masculino,Soltero,1,98360.6,Si,0
879,74,Femenino,Soltero,1,42002,No,1
880,55,Masculino,Casado,1,41334.1,No,0
883,69,Femenino,Casado,2,28848.8,No,0
887,53,Masculino,Casado,2,17246,Si,0
888,71,Femenino,Casado,2,80667.4,No,1
891,19,Femenino,Soltero,2,56438.9,No,0
894,37,Masculino,Casado,0,52355.1,Si,0
897,75,Masculino,Casado,0,99454.2,No,0
910,37,Femenino,Casado,2,80869.8,No,0
914,38,Femenino,Casado,1,50290.7,No,0
918,94,Masculino,Soltero,0,44927,No,0
920,86,Femenino,Casado,0,2530.76,Si,0
921,54,Femenino,Casado,2,19758.3,No,0
926,69,Femenino,Casado,0,10250.1,No,1
931,28,Femenino,Casado,0,38450.2,Si,0
934,70,Masculino,Soltero,2,66649.2,No,0
944,93,Femenino,Soltero,1,21395.2,Si,1
947,78,Femenino,Soltero,2,72800.9,No,1
957,68,Masculino,Casado,0,41486.4,Si,0
958,31,Masculino,Soltero,1,37832.6,Si,0
963,53,Femenino,Soltero,0,95584.5,No,0
964,20,Masculino,Casado,1,59632.9,Si,0
965,97,Femenino,Soltero,1,98860.1,No,1
971,61,Masculino,Casado,1,83039.2,Si,1
972,92,Femenino,Soltero,2,47396.2,No,1
975,37,Femenino,Casado,0,46812.7,No,0
984,59,Femenino,Soltero,0,41624.7,Si,1
987,50,Femenino,Casado,0,63306.6,Si,1
989,34,Femenino,Soltero,1,33671,No,0
990,39,Femenino,Soltero,0,16829.6,No,0
998,69,Masculino,Casado,0,80417.5,Si,0
1002,53,Masculino,Casado,1,34317.6,No,1
1003,86,Femenino,Casado,1,99248.1,No,1
1006,62,Femenino,Casado,2,8749.8,No,1
1010,38,Femenino,Casado,0,17499.2,No,0
1013,94,Masculino,Casado,1,76213.2,No,0
1015,75,Femenino,Casado,2,11434.6,No,1
1020,97,Masculino,Casado,2,75004.5,No,0
1021,32,Masculino,Casado,0,54430.2,Si,1
1028,27,Femenino,Soltero,1,54370.7,No,0
1029,90,Masculino,Soltero,2,83653.3,No,0
1031,59,Femenino,Soltero,0,23892.2,Si,1
1032,77,Femenino,Soltero,0,34160.5,No,1
1036,27,Masculino,Casado,2,50290.7,No,0
1037,86,Femenino,Soltero,1,31639.2,No,1
1038,47,Femenino,Casado,1,7071.46,No,1
1044,33,Masculino,Casado,0,28000.4,Si,0
1046,77,Masculino,Soltero,1,2743.69,No,0
1048,68,Femenino,Casado,1,97318.6,Si,1
1050,93,Femenino,Soltero,1,46771.2,No,1
1053,30,Femenino,Casado,1,48457.6,Si,0
1054,93,Masculino,Casado,2,40372.4,Si,0
1055,47,Femenino,Casado,1,57611.4,No,1
1057,89,Masculino,Casado,0,60156.9,Si,0
1060,22,Femenino,Casado,1,58462.3,Si,0
1062,25,Femenino,Casado,2,295.941,No,1
1067,44,Femenino,Soltero,2,17689.2,No,1
1075,66,Masculino,Casado,1,7277.29,Si,0
1079,69,Femenino,Soltero,0,45310.4,No,1
1080,38,Masculino,Casado,0,66742.3,No,0
1082,97,Masculino,Casado,2,27667.6,No,1
1083,45,Masculino,Casado,2,7673.47,No,1
1086,68,Femenino,Casado,0,99832.9,No,1
1087,46,Masculino,Casado,0,93996.8,No,0
1091,47,Femenino,Casado,2,54039.4,No,1
1092,31,Masculino,Casado,2,11254.9,Si,0
1100,55,Femenino,Soltero,2,51744.2,No,0
1101,56,Masculino,Soltero,0,4841.33,Si,0
1103,72,Masculino,Soltero,0,22150.8,No,0
1104,45,Masculino,Casado,2,39035.8,No,0
1106,63,Masculino,Casado,0,82981,No,0
1110,80,Femenino,Soltero,1,31809.7,Si,1
1112,80,Femenino,Casado,1,17755.4,No,1
1115,61,Masculino,Casado,0,41063.6,Si,0
1116,48,Femenino,Casado,0,4581.11,No,1
1118,49,Masculino,Soltero,0,9414.82,No,0
1122,65,Masculino,Soltero,1,57626.9,Si,0
1123,28,Femenino,Casado,2,63328.8,No,1
1128,78,Femenino,Casado,2,62685,No,1
1130,46,Femenino,Casado,1,51014,No,1
1136,42,Masculino,Casado,0,18552.7,No,1
1138,23,Femenino,Soltero,1,14082,No,1
1143,57,Femenino,Casado,1,50290.7,No,1
1149,69,Femenino,Casado,0,91198.6,No,0
1152,58,Masculino,Soltero,2,4123.46,No,0
1158,54,Femenino,Casado,0,37389.2,No,1
1160,76,Masculino,Soltero,2,59592.6,Si,0
1164,79,Femenino,Soltero,1,87818.3,No,0
1166,86,Masculino,Soltero,2,56256.1,No,0
1181,61,Masculino,Casado,1,18307.4,No,0
1188,84,Femenino,Casado,2,5936.48,Si,1
1193,73,Femenino,Soltero,0,23832,No,0
1199,55,Masculino,Casado,1,69408.3,No,0
1201,28,Masculino,Soltero,2,39700.3,No,1
1202,45,Femenino,Casado,0,41947.8,No,0
1203,68,Masculino,Casado,1,27677.8,No,0
1204,75,Femenino,Casado,2,42846.2,Si,1
1211,71,Masculino,Casado,0,51195.5,Si,0
1219,84,Masculino,Soltero,0,34148.6,Si,0
1229,21,Femenino,Casado,0,38705.5,Si,1
1250,41,Masculino,Soltero,0,85804.3,Si,0
1252,49,Femenino,Soltero,1,60310.6,Si,1
1254,83,Masculino,Casado,2,25108.2,Si,0
1255,59,Masculino,Soltero,0,33912.4,Si,0
1259,32,Femenino,Casado,1,7027.14,No,0
1261,65,Femenino,Casado,0,58345.8,No,1
1264,51,Masculino,Soltero,0,2630.4,Si,0
1267,92,Masculino,Casado,0,29518.8,No,0
1273,97,Masculino,Soltero,0,75854.9,No,0
1278,30,Masculino,Casado,1,3578,No,0
1280,64,Femenino,Soltero,2,62275.3,Si,1
1283,74,Femenino,Casado,0,25445.6,No,1
1293,44,Masculino,Casado,1,49554.8,No,0
1296,18,Masculino,Casado,0,1846.01,No,1
1297,84,Femenino,Soltero,0,95056.9,No,1
1298,18,Masculino,Casado,0,40728.7,No,0
1300,72,Masculino,Soltero,2,55050.5,Si,1
1309,87,Masculino,Casado,0,98127.6,No,0
1314,84,Masculino,Soltero,2,27958.5,No,0
1316,22,Masculino,Casado,1,95847.9,Si,1
1321,19,Femenino,Casado,1,67750.9,No,0
1322,42,Masculino,Soltero,1,93645.3,No,0
1323,42,Femenino,Casado,1,31650.2,No,0
1325,80,Femenino,Casado,1,86618.8,No,1
1326,80,Femenino,Soltero,0,48506.7,No,1
1327,53,Masculino,Casado,0,50622.9,Si,0
1331,59,Femenino,Casado,0,50290.7,Si,1
1337,81,Femenino,Soltero,0,54486.5,No,1
1338,41,Femenino,Casado,1,84388.5,No,1
1342,53,Masculino,Soltero,2,21242.8,No,0
1343,91,Masculino,Soltero,2,61766.7,Si,0
1346,71,Masculino,Soltero,0,28273,Si,0
1349,33,Masculino,Casado,1,57237.9,No,1
1352,71,Masculino,Soltero,1,37248.6,Si,0
1354,64,Femenino,Casado,2,25796.5,No,1
1358,76,Masculino,Soltero,1,24104.7,No,0
1365,49,Femenino,Casado,2,48471.1,No,1
1366,75,Femenino,Soltero,1,57952.6,No,1
1368,39,Femenino,Soltero,1,31931.3,No,0
1370,33,Femenino,Casado,1,33967.7,No,0
1371,25,Femenino,Soltero,0,91106.4,No,0
1373,85,Masculino,Casado,0,18909.5,Si,0
1376,26,Masculino,Soltero,2,19998.4,No,1
1379,39,Femenino,Casado,2,72401.8,No,0
1380,68,Masculino,Soltero,1,83556.7,No,0
1381,46,Femenino,Casado,0,34437.2,Si,1
1385,86,Femenino,Casado,2,36090.7,No,1
1389,65,Femenino,Casado,2,58148.7,No,1
1390,85,Femenino,Casado,2,69730.9,Si,1
1391,79,Femenino,Soltero,2,43151.7,No,1
1393,82,Femenino,Soltero,0,17491.4,No,1
1395,30,Femenino,Casado,2,16948.8,No,0
1398,72,Femenino,Casado,1,38788.3,Si,1
1403,88,Femenino,Soltero,2,10764.6,No,1
1404,18,Femenino,Casado,0,13441.5,No,0
1411,62,Masculino,Soltero,1,47503.9,No,0
1415,66,Masculino,Soltero,2,72018.6,Si,0
1417,29,Femenino,Soltero,1,21529.1,No,1
1418,36,Masculino,Casado,1,96349.8,No,0
1421,76,Femenino,Casado,0,35697.5,No,1
1424,60,Femenino,Casado,1,40792.3,Si,0
1428,46,Femenino,Casado,0,94576.2,Si,1
1429,42,Masculino,Casado,0,69463.1,No,0
1432,90,Femenino,Casado,1,2796.07,No,0
1436,88,Femenino,Soltero,0,68608,No,0
1437,46,Masculino,Casado,1,44065.4,Si,0
1440,31,Femenino,Casado,1,99485.3,No,0
1443,60,Masculino,Casado,0,35125,No,0
1448,57,Femenino,Casado,1,4875.25,No,1
1453,71,Femenino,Soltero,0,26435.8,No,0
1455,41,Femenino,Soltero,2,48271.8,No,1
1457,49,Femenino,Casado,2,50290.7,No,1
1459,86,Masculino,Casado,1,12713.3,No,0
1461,94,Masculino,Soltero,0,13946.8,No,0
1462,19,Femenino,Casado,1,16915.2,No,1
1463,20,Masculino,Soltero,2,68140.5,No,0
1464,43,Femenino,Soltero,1,77021.7,No,1
1467,47,Masculino,Soltero,1,12752.5,Si,0
1483,68,Femenino,Casado,0,62484.8,No,1
1484,49,Masculino,Soltero,0,32358.1,No,0
1487,61,Masculino,Soltero,0,72385.9,No,0
1490,71,Femenino,Casado,0,45444,No,0
1491,36,Masculino,Casado,0,97341.4,No,0
1493,82,Masculino,Soltero,0,48841.4,No,1
1494,34,Femenino,Casado,1,73098.7,No,1
1496,22,Femenino,Casado,1,25863.8,No,1
1502,55,Masculino,Soltero,2,33377.3,No,0
1509,40,Masculino,Soltero,2,33373.9,No,0
1515,92,Masculino,Soltero,0,79872.6,No,0
1522,21,Masculino,Soltero,1,48107.2,No,0
1531,36,Femenino,Soltero,1,94083.3,No,0
1539,48,Masculino,Casado,1,3793.73,No,0
1543,22,Femenino,Soltero,2,14905,Si,1
1547,43,Femenino,Casado,2,22781.6,Si,1
1549,67,Femenino,Soltero,1,9824.75,No,0
1550,53,Femenino,Soltero,2,11503.8,Si,1
1552,34,Masculino,Soltero,2,59753.2,Si,0
1558,78,Femenino,Casado,0,16840.7,No,0
1561,27,Femenino,Soltero,2,13094.8,No,1
1567,65,Femenino,Casado,1,37079.4,No,0
1574,30,Femenino,Soltero,1,73334.3,No,0
1580,42,Femenino,Casado,0,69458.8,No,1
1582,37,Masculino,Soltero,1,13126.9,No,0
1585,58,Femenino,Casado,1,16350.3,Si,0
1588,45,Masculino,Casado,0,27170.6,No,0
1596,50,Femenino,Casado,2,96821.1,No,1
1602,94,Femenino,Soltero,1,17540.7,Si,1
1604,33,Masculino,Casado,2,80385.4,No,0
1608,93,Masculino,Soltero,1,4347.25,No,0
1609,89,Masculino,Soltero,0,51669,No,0
1613,27,Masculino,Casado,2,16875.9,Si,1
1617,20,Femenino,Casado,1,2976.91,No,0
1626,47,Masculino,Soltero,0,4961.5,Si,0
1633,73,Femenino,Casado,2,5237.63,No,1
1635,67,Masculino,Soltero,1,80982.7,No,0
1637,19,Femenino,Soltero,1,71906.8,No,1
1640,45,Femenino,Soltero,0,50290.7,Si,1
1645,63,Masculino,Casado,2,60644.3,No,0
1650,37,Masculino,Soltero,2,34524.7,Si,0
1657,23,Masculino,Soltero,0,12686.9,No,1
1668,47,Femenino,Soltero,1,59489,No,0
1669,31,Masculino,Soltero,2,14690.1,No,0
1670,76,Masculino,Soltero,1,91607.4,No,0
1671,83,Femenino,Soltero,2,76845.3,Si,1
1672,21,Femenino,Casado,2,82056.6,No,0
1677,18,Femenino,Casado,2,64726.8,No,0
1680,35,Masculino,Casado,2,42623.5,No,0
1682,77,Femenino,Soltero,1,37331.2,No,0
1693,29,Femenino,Casado,2,79960,No,0
1695,93,Masculino,Soltero,0,93302.9,No,0
1697,39,Femenino,Casado,2,47902,No,0
1701,39,Masculino,Soltero,2,32272.7,No,0
1708,70,Femenino,Soltero,0,58384.3,No,1
1710,96,Masculino,Casado,1,2502.74,No,0
1716,47,Femenino,Casado,0,79721.1,No,1
1717,97,Masculino,Casado,2,40844.4,No,0
1718,79,Femenino,Casado,0,8090.4,Si,1
1723,68,Masculino,Soltero,1,57322.1,Si,1
1731,20,Masculino,Casado,0,69444.5,No,1
1734,51,Masculino,Casado,0,64313,No,0
1737,40,Masculino,Soltero,2,88943.9,No,0
1738,39,Masculino,Soltero,1,50126.8,No,0
1739,21,Femenino,Soltero,0,45612.9,No,0
1746,27,Femenino,Soltero,1,92718.6,No,0
1760,68,Masculino,Soltero,2,17047.2,Si,0
1762,64,Femenino,Soltero,1,7737.94,No,1
1767,51,Femenino,Casado,2,59613.1,No,1
1769,92,Masculino,Soltero,1,57904.4,No,1
1771,97,Masculino,Casado,2,88146.4,No,0
1774,27,Masculino,Soltero,1,86608.5,No,0
1777,72,Femenino,Casado,0,78851.3,No,1
1785,87,Femenino,Casado,1,3624.7,No,1
1789,57,Femenino,Casado,1,36016.9,No,1
1791,76,Femenino,Casado,2,42031.8,No,0
1795,39,Masculino,Casado,1,39229.1,No,1
1800,42,Masculino,Casado,0,57042.2,No,0
1803,74,Masculino,Soltero,1,94449.5,No,0
1814,45,Femenino,Casado,2,67085.4,No,1
1815,28,Femenino,Soltero,1,4972.89,No,1
1818,67,Masculino,Casado,0,26369.2,No,0
1820,73,Femenino,Casado,2,35976.5,Si,1
1822,92,Femenino,Casado,1,77129.1,Si,1
1823,79,Femenino,Casado,2,8204.72,No,1
1825,59,Masculino,Casado,2,40714.5,No,0
1827,75,Masculino,Casado,1,97180.4,No,1
1837,68,Femenino,Casado,2,50290.7,No,1
1840,23,Femenino,Casado,0,869.57,No,1
1843,52,Femenino,Casado,1,70002.4,No,1
1847,82,Masculino,Soltero,0,37498.2,Si,0
1851,31,Masculino,Casado,0,51015.7,Si,0
1858,96,Masculino,Soltero,2,29835.9,Si,0
1867,80,Masculino,Soltero,1,13141.5,No,0
1873,86,Femenino,Soltero,0,69350.5,Si,0
1883,97,Femenino,Casado,1,51812.2,No,1
1885,82,Femenino,Casado,1,49453.8,No,0
1888,62,Femenino,Soltero,2,28787.4,No,0
1889,79,Femenino,Soltero,1,94278.7,Si,0
1901,58,Masculino,Soltero,2,12160.7,No,0
1905,35,Femenino,Casado,0,80659.1,No,0
1914,57,Masculino,Casado,1,35075,No,0
1918,23,Masculino,Casado,1,43457.9,No,0
1919,44,Masculino,Soltero,1,82314.1,Si,0
1935,93,Femenino,Soltero,1,13109.1,No,0
1937,71,Masculino,Casado,2,51493,Si,0
1940,65,Femenino,Casado,0,17700.4,No,1
1942,88,Masculino,Casado,1,13091.6,No,0
1943,55,Femenino,Casado,0,91708.4,No,0
1944,28,Femenino,Soltero,0,64335,Si,0
1957,88,Masculino,Soltero,2,6704.78,No,0
1962,45,Femenino,Soltero,1,92187.1,Si,1
1964,69,Masculino,Casado,1,38302.7,No,0
1965,54,Femenino,Casado,1,40027.6,Si,1
1966,26,Masculino,Soltero,1,85774.3,No,1
1972,51,Femenino,Soltero,2,2638.11,Si,1
1974,61,Femenino,Casado,0,10878.5,No,1
1976,34,Femenino,Soltero,1,30234.8,No,1
1978,62,Femenino,Soltero,2,13965.4,No,1
1983,64,Femenino,Soltero,1,45495,No,1
1987,63,Femenino,Casado,1,22198.1,Si,1
1988,21,Femenino,Casado,1,64557.8,Si,0
1990,68,Femenino,Casado,2,62061.8,Si,0
1992,48,Femenino,Soltero,0,76142,No,0
1995,47,Femenino,Casado,1,53298.7,No,1
2003,67,Masculino,Casado,0,78319.3,No,0
2006,79,Masculino,Casado,0,34994.1,No,0
2012,81,Masculino,Soltero,1,97205.2,No,0
2015,84,Femenino,Soltero,0,77462,No,1
2021,62,Masculino,Casado,2,17888.7,No,0
2044,36,Masculino,Soltero,1,38348.1,No,0
2045,18,Femenino,Casado,0,28770.9,No,1
2053,21,Femenino,Casado,2,30763.8,Si,1
2054,81,Femenino,Casado,2,3193.6,No,1
2059,41,Femenino,Casado,0,33520.9,No,1
2061,56,Femenino,Casado,0,11268.3,Si,1
2062,85,Masculino,Soltero,1,79688.7,No,0
2063,28,Masculino,Soltero,2,88063.2,Si,0
2064,89,Femenino,Casado,0,62229.6,No,1
2070,31,Femenino,Soltero,0,41856.2,No,0
2072,28,Masculino,Casado,2,2056.06,Si,1
2075,95,Masculino,Soltero,0,38872.3,No,1
2076,39,Masculino,Casado,1,89928.5,No,0
2080,37,Femenino,Soltero,0,74018.4,Si,0
2087,30,Masculino,Casado,0,15819.6,No,0
2093,96,Masculino,Soltero,2,25826.4,No,0
2094,39,Masculino,Soltero,2,18569.2,No,0
2096,97,Masculino,Soltero,0,27498.1,No,0
2098,62,Femenino,Casado,0,37121.7,Si,1
2106,30,Masculino,Soltero,2,23464,Si,0
2111,54,Femenino,Casado,0,69641.6,No,0
2114,37,Masculino,Casado,2,91272.2,Si,0
2117,59,Femenino,Casado,1,77374.6,Si,1
2124,56,Masculino,Casado,2,85275,No,0
2132,36,Femenino,Casado,2,47639.1,No,0
2135,39,Femenino,Casado,0,86770.4,No,1
2146,27,Femenino,Casado,2,53067.2,Si,0
2151,81,Femenino,Casado,0,71816.1,Si,0
2156,84,Femenino,Soltero,1,60362.1,No,1
2163,60,Femenino,Soltero,0,93322.1,Si,0
2165,96,Masculino,Casado,1,8663.42,No,0
2174,54,Masculino,Casado,2,23537.6,Si,0
2176,44,Masculino,Casado,1,91008.7,Si,0
2179,26,Masculino,Soltero,1,31166.6,No,1
2180,54,Masculino,Casado,0,52284.7,No,0
2182,94,Femenino,Casado,1,87404.6,No,1
2185,35,Masculino,Soltero,0,63782.6,No,0
2187,77,Masculino,Casado,2,49910.7,Si,0
2188,48,Femenino,Casado,0,98129,No,1
2189,66,Masculino,Casado,2,76161.4,Si,0
2191,97,Femenino,Soltero,1,12686,No,1
2192,62,Masculino,Casado,0,56702.5,No,0
2194,18,Femenino,Casado,1,67112.7,No,0
2196,51,Masculino,Casado,1,64880,No,0
2197,34,Femenino,Soltero,1,51472.3,Si,0
2200,71,Masculino,Soltero,0,12860.5,No,0
2201,30,Femenino,Casado,2,85394,Si,1
2205,18,Masculino,Soltero,2,87708,No,0
2211,75,Femenino,Casado,2,25738.4,No,1
2215,84,Masculino,Casado,0,50290.7,No,0
2216,48,Masculino,Soltero,0,12134.7,Si,0
2220,43,Femenino,Soltero,1,86252.8,Si,1
2221,94,Masculino,Casado,0,87630.5,Si,0
2226,19,Masculino,Casado,2,92981.2,Si,0
2239,75,Masculino,Casado,2,71035.4,No,0
2251,78,Femenino,Casado,2,26449.8,Si,1
2254,26,Masculino,Soltero,1,76074.1,Si,0
2256,90,Femenino,Casado,1,56722.8,No,1
2258,39,Femenino,Casado,1,23012.6,No,0
2264,23,Femenino,Soltero,2,48162,No,0
2266,22,Masculino,Soltero,1,27778.2,No,1
2268,37,Femenino,Soltero,0,71570.3,No,0
2270,83,Femenino,Casado,0,98056.3,No,1
2278,53,Masculino,Soltero,1,76394,No,0
2279,79,Femenino,Casado,2,87297.9,Si,1
2280,38,Femenino,Casado,0,56518.4,Si,0
2286,92,Masculino,Soltero,2,8014.59,No,0
2288,87,Femenino,Soltero,0,59232.8,No,1
2289,76,Masculino,Casado,1,72996,No,0
2301,29,Masculino,Casado,1,69294.7,Si,0
2312,61,Masculino,Soltero,0,5898.9,No,0
2317,50,Masculino,Casado,2,14543.1,No,0
2319,25,Masculino,Casado,0,52366.4,Si,0
2320,56,Femenino,Soltero,1,49553.9,Si,1
2322,58,Femenino,Soltero,1,540.406,Si,0
2324,57,Femenino,Casado,0,57255.4,No,1
2326,22,Femenino,Soltero,1,71941.5,Si,1
2337,83,Masculino,Soltero,2,65330.2,Si,0
2343,25,Masculino,Casado,2,67339.8,No,0
2350,79,Femenino,Soltero,2,15688.5,No,1
2355,53,Femenino,Soltero,1,68767,Si,1
2362,78,Femenino,Casado,2,92103.8,No,1
2363,55,Femenino,Soltero,2,8392.14,Si,1
2367,32,Femenino,Casado,2,16705.6,No,0
2376,48,Masculino,Casado,2,69005.6,No,0
2378,68,Femenino,Casado,1,81641.2,Si,0
2379,40,Masculino,Casado,1,62789.9,No,0
2386,54,Masculino,Soltero,1,13428.5,No,0
2387,41,Femenino,Casado,1,3920.43,Si,0
2398,77,Masculino,Casado,1,31841.7,Si,0
2400,27,Femenino,Casado,2,22137,No,1
2403,74,Masculino,Casado,2,70908.7,No,1
2406,66,Femenino,Casado,2,67239.4,No,1
2407,70,Masculino,Casado,1,69406.7,Si,1
2410,76,Femenino,Casado,2,83259.3,No,1
2413,33,Masculino,Casado,1,78877.5,No,0
2414,54,Masculino,Casado,0,68438.3,No,0
2417,67,Masculino,Soltero,0,9448.62,Si,0
2418,34,Masculino,Soltero,2,60095.2,Si,0
2420,19,Masculino,Casado,1,20818.5,No,1
2421,82,Femenino,Casado,1,11895.7,No,1
2425,97,Femenino,Casado,1,51261.9,Si,1
2426,93,Masculino,Casado,1,76511.3,No,1
2433,86,Femenino,Soltero,2,84453.1,No,0
2434,73,Femenino,Casado,2,33607,No,1
2437,73,Femenino,Casado,1,84601.4,No,1
2444,50,Masculino,Soltero,2,86905.4,Si,0
2447,87,Femenino,Soltero,2,96025.5,No,1
2449,23,Masculino,Casado,2,24457.6,Si,1
2452,71,Masculino,Casado,2,36439.8,Si,0
2455,24,Femenino,Soltero,2,98226.2,Si,0
2461,86,Masculino,Soltero,1,94188.3,No,0
2471,55,Femenino,Casado,0,25080.6,Si,1
2477,69,Femenino,Casado,2,63670.8,Si,1
2478,40,Masculino,Soltero,0,5282.6,No,1
2486,79,Femenino,Soltero,0,77644.1,No,0
2494,78,Masculino,Soltero,0,80693.1,No,0
2495,46,Femenino,Casado,0,50290.7,Si,1
2496,40,Femenino,Casado,2,91051,Si,1
2498,41,Femenino,Casado,0,89915,No,1
2507,70,Masculino,Soltero,2,14799.8,No,0
2508,70,Masculino,Casado,1,74381.5,No,1
2510,83,Masculino,Casado,1,9132.91,No,0
2514,77,Masculino,Casado,2,29277.8,No,0
2521,91,Femenino,Casado,0,99309,No,1
2522,73,Femenino,Soltero,0,78564.7,No,0
2528,49,Masculino,Soltero,1,63230.3,No,0
2530,56,Masculino,Soltero,1,98533.3,No,0
2531,79,Femenino,Casado,0,50530.8,No,1
2534,91,Femenino,Casado,2,8502.99,No,1
2540,46,Masculino,Soltero,0,14865.8,Si,0
2549,47,Masculino,Casado,0,84743.7,Si,0
2564,89,Masculino,Casado,2,64009.7,No,0
2569,84,Masculino,Casado,0,20159.5,No,1
2570,73,Femenino,Soltero,2,85184.6,No,1
2574,77,Femenino,Casado,0,17021.6,No,1
2579,43,Femenino,Soltero,0,96854.3,No,1
2586,93,Femenino,Soltero,1,31240.3,Si,0
2590,25,Femenino,Soltero,2,61463.7,No,0
2591,97,Masculino,Casado,1,9148.27,No,0
2592,36,Femenino,Soltero,0,58488.3,Si,0
2595,25,Masculino,Casado,0,4592.8,No,1
2596,61,Femenino,Casado,2,30998.8,No,0
2598,64,Masculino,Casado,1,36510.9,No,0
2600,88,Masculino,Casado,1,43378.2,No,0
2601,18,Masculino,Casado,1,76137.8,No,0
2605,72,Femenino,Soltero,2,63291.1,Si,1
2608,92,Masculino,Casado,1,81271.1,No,0
2613,40,Femenino,Casado,0,47750.4,Si,1
2615,88,Masculino,Casado,2,71686.2,Si,0
2617,29,Femenino,Soltero,1,73874.1,Si,0
2621,21,Masculino,Soltero,0,15924.2,No,0
2622,67,Masculino,Casado,0,93201.3,No,0
2624,74,Masculino,Soltero,1,18064.4,Si,0
2633,61,Femenino,Soltero,0,45667.1,Si,1
2639,77,Masculino,Soltero,0,73850,No,0
2640,21,Femenino,Soltero,2,21709.7,No,1
2646,71,Femenino,Casado,2,49745.3,No,0
2656,32,Masculino,Soltero,1,54164.9,No,0
2658,52,Femenino,Soltero,0,15906,Si,1
2660,78,Femenino,Casado,0,50290.7,No,0
2663,84,Femenino,Casado,1,83850.5,Si,1
2680,35,Femenino,Casado,2,50968.9,No,1
2683,38,Femenino,Casado,2,60060.5,No,0
2684,33,Femenino,Soltero,0,36486.4,No,0
2688,56,Femenino,Casado,1,87302.6,No,1
2692,20,Femenino,Soltero,2,43046.4,Si,0
2697,20,Femenino,Casado,2,88427,No,0
2701,45,Masculino,Casado,2,37877.6,No,0
2703,19,Masculino,Soltero,0,5930.86,Si,1
2705,58,Masculino,Casado,2,61334.8,Si,0
2711,85,Femenino,Soltero,0,16175.6,No,1
2713,90,Femenino,Soltero,2,97445.2,Si,1
2714,85,Masculino,Soltero,2,75639.8,No,0
2726,58,Masculino,Casado,1,32981.6,Si,0
2732,94,Masculino,Casado,0,83876.4,Si,1
2734,90,Masculino,Soltero,2,81997,No,0
2737,37,Masculino,Soltero,0,83378.3,Si,0
2738,31,Femenino,Casado,1,82388.2,No,0
2740,64,Masculino,Casado,2,80289.1,No,0
2742,86,Femenino,Casado,2,23816.6,Si,1
2743,26,Femenino,Soltero,0,41340.6,No,0
2748,34,Femenino,Soltero,2,90856.9,No,0
2749,39,Femenino,Soltero,0,58623.8,No,0
2753,48,Femenino,Casado,2,95429.7,No,1
2757,59,Femenino,Soltero,2,59478.8,No,1
2762,38,Masculino,Casado,1,50535.8,Si,0
2767,62,Masculino,Casado,2,33361.3,Si,0
2771,56,Femenino,Casado,0,50290.7,No,1
2772,39,Masculino,Casado,0,110.284,No,0
2774,32,Masculino,Soltero,2,5565.43,Si,0
2785,71,Femenino,Casado,2,80844.5,No,1
2789,67,Femenino,Casado,2,88177.1,Si,1
2790,71,Masculino,Casado,0,37113.6,No,0
2793,58,Masculino,Casado,1,4054.55,Si,0
2794,61,Femenino,Soltero,1,32533.9,No,1
2798,21,Masculino,Casado,2,61825.5,No,0
2799,35,Masculino,Casado,1,38997.7,No,0
2801,61,Masculino,Casado,1,15865.5,No,0
2803,53,Masculino,Soltero,1,37111.5,Si,0
2804,73,Femenino,Casado,2,87182.7,Si,1
2812,95,Masculino,Casado,0,60101.1,Si,0
2813,89,Femenino,Casado,2,74628.1,No,1
2817,39,Femenino,Casado,1,13829.4,No,0
2820,75,Femenino,Soltero,0,48755.1,No,1
2824,33,Femenino,Soltero,1,68339.3,No,0
2825,25,Femenino,Casado,0,98433.8,No,1
2826,64,Masculino,Soltero,0,79937.2,Si,0
2836,87,Masculino,Soltero,0,32683.9,Si,0
2844,61,Masculino,Soltero,2,88408.2,No,0
2849,32,Masculino,Casado,2,70722.3,No,0
2859,48,Masculino,Soltero,0,88044.4,No,0
2862,97,Femenino,Casado,1,95971.9,Si,1
2864,87,Femenino,Casado,1,50290.7,Si,1
2869,57,Masculino,Soltero,1,41153.9,No,0
2870,60,Masculino,Soltero,0,3184.42,No,0
2883,63,Masculino,Casado,0,97603.6,Si,0
2890,74,Femenino,Soltero,2,60744.4,No,0
2894,41,Masculino,Casado,0,63985,Si,0
2899,63,Femenino,Soltero,0,19854.2,Si,1
2901,34,Femenino,Casado,0,17703.5,No,0
2907,85,Masculino,Soltero,1,91100.6,No,0
2909,35,Masculino,Soltero,0,25938.5,Si,0
2910,79,Femenino,Soltero,0,7379.6,Si,1
2915,53,Femenino,Casado,2,19778.9,Si,1
2916,46,Masculino,Casado,2,60459.6,No,0
2922,66,Masculino,Soltero,0,57122.2,Si,1
2925,29,Femenino,Casado,0,58267.3,No,0
2926,77,Femenino,Soltero,0,70460.3,Si,1
2931,67,Femenino,Casado,2,98217.1,No,0
2934,96,Femenino,Soltero,1,32005.6,Si,1
2935,97,Masculino,Casado,1,5723.09,No,0
2936,48,Femenino,Soltero,1,55035.5,No,1
2938,94,Masculino,Soltero,2,14309.1,No,0
2947,85,Femenino,Soltero,0,66502.3,No,1
2959,55,Masculino,Soltero,0,30751.8,No,0
2964,27,Masculino,Soltero,0,86631.9,No,0
2965,71,Femenino,Soltero,0,40519.3,No,1
2968,75,Femenino,Soltero,1,36939.7,Si,1
2969,41,Masculino,Casado,1,40081.2,Si,0
2973,84,Masculino,Casado,1,68273.3,No,0
2974,56,Femenino,Soltero,0,42795.9,Si,1
2984,94,Masculino,Casado,2,1140.26,No,0
2985,66,Femenino,Casado,2,41876.6,Si,0
2994,20,Femenino,Casado,2,59758.4,No,0
2997,52,Femenino,Casado,0,8370.36,No,0
2999,65,Femenino,Casado,1,7790.55,No,1
3001,41,Femenino,Soltero,2,27336.6,No,1
3002,49,Femenino,Soltero,0,64727.5,No,0
3003,60,Femenino,Soltero,2,95930.6,Si,1
3005,34,Masculino,Soltero,0,50290.7,No,0
3007,49,Masculino,Casado,1,20478.6,No,1
3011,20,Femenino,Casado,0,72626.4,Si,0
3012,97,Masculino,Casado,0,96223.4,Si,0
3013,93,Masculino,Soltero,1,28485.7,No,0
3015,30,Femenino,Casado,1,69341.7,No,1
3016,60,Masculino,Casado,2,94329.6,No,0
3020,60,Masculino,Casado,2,67933.8,No,0
3021,91,Masculino,Casado,0,17527.3,No,0
3026,24,Femenino,Casado,1,88663.4,No,0
3032,57,Masculino,Soltero,2,91136.2,No,0
3033,38,Masculino,Soltero,2,52600,No,0
3035,50,Masculino,Casado,2,94902.6,No,0
3036,77,Masculino,Casado,2,68704.3,Si,0
3039,51,Femenino,Casado,1,78231,No,1
3042,33,Femenino,Casado,2,28746.8,No,0
3046,58,Femenino,Casado,1,62260.2,No,1
3049,43,Masculino,Casado,0,12439.4,No,0
3057,33,Femenino,Casado,0,60170.1,No,1
3059,22,Masculino,Casado,1,57348.8,No,0
3063,19,Masculino,Casado,2,42630,Si,0
3067,57,Femenino,Casado,2,64977.4,No,0
3068,44,Femenino,Soltero,2,36824.5,No,1
3069,28,Femenino,Soltero,2,39223.2,Si,1
3071,39,Masculino,Casado,0,42700.5,Si,0
3072,93,Masculino,Soltero,0,38248.3,No,0
3073,92,Masculino,Casado,1,95020.4,Si,0
3074,84,Masculino,Casado,0,46514.2,Si,0
3075,50,Masculino,Casado,1,19301.3,Si,0
3076,73,Masculino,Soltero,0,1259.01,Si,0
3095,64,Femenino,Soltero,1,53357.2,No,1
3097,80,Femenino,Soltero,0,65209.6,Si,1
3098,37,Femenino,Soltero,0,5978.89,Si,0
3100,78,Masculino,Casado,0,92198.8,No,0
3103,97,Masculino,Casado,1,63394.9,No,0
3104,42,Femenino,Soltero,1,86021.7,Si,1
3107,53,Femenino,Soltero,2,26107.5,No,1
3109,45,Femenino,Casado,0,59008.4,Si,0
3110,64,Femenino,Casado,0,6528.38,Si,1
3119,52,Masculino,Soltero,0,54622.3,No,1
3125,47,Masculino,Soltero,0,64295.2,Si,0
3131,79,Masculino,Casado,0,26074.5,No,1
3135,60,Masculino,Casado,1,20552.6,No,0
3138,37,Femenino,Soltero,0,47732,Si,0
3141,71,Masculino,Casado,1,98967.7,No,0
3142,76,Masculino,Casado,0,14271.8,No,0
3145,44,Femenino,Casado,1,7700.73,No,1
3150,35,Masculino,Casado,1,32238.2,No,0
3153,97,Femenino,Casado,0,2902.34,No,1
3160,73,Femenino,Casado,0,61438.2,No,1
3163,26,Masculino,Soltero,1,72649.3,No,0
3165,85,Masculino,Soltero,2,25353.4,Si,0
3168,79,Masculino,Casado,2,5265.35,No,0
3171,86,Femenino,Casado,1,53357.9,Si,1
3176,33,Femenino,Soltero,2,59573,No,0
3179,97,Femenino,Soltero,0,84479.2,No,0
3183,27,Masculino,Casado,2,89781.4,Si,0
3185,40,Masculino,Soltero,1,66296.1,No,0
3188,35,Masculino,Casado,2,86549.5,No,1
3190,86,Femenino,Casado,0,31242.1,No,1
3194,46,Masculino,Soltero,0,90866.5,No,0
3195,58,Femenino,Casado,2,81711.9,No,1
3202,74,Femenino,Casado,2,87844.8,No,1
3204,30,Femenino,Casado,0,20058.4,No,0
3207,28,Masculino,Casado,1,52750.8,No,0
3209,41,Masculino,Soltero,1,52231.5,No,0
3215,72,Femenino,Soltero,1,73338,No,0
3220,31,Masculino,Casado,0,15865,No,0
3225,71,Femenino,Soltero,1,68386.8,No,1
3230,60,Femenino,Soltero,1,92353.3,No,1
3234,34,Femenino,Casado,2,94778.3,No,0
3235,57,Femenino,Casado,2,45488.3,No,1
3236,97,Masculino,Soltero,1,57347.6,Si,0
3237,83,Masculino,Soltero,0,52774,No,0
3241,76,Femenino,Casado,1,56545.8,Si,1
3242,30,Femenino,Casado,2,45171.2,No,0
3243,34,Femenino,Soltero,2,76578.7,Si,0
3245,64,Masculino,Casado,2,98855.5,No,0
3246,63,Masculino,Casado,1,81686.6,No,0
3247,45,Femenino,Casado,1,8469.02,No,1
3253,60,Masculino,Soltero,0,67477,No,0
3255,97,Femenino,Soltero,1,62903.3,No,1
3259,73,Femenino,Casado,1,19621.6,No,1
3262,22,Femenino,Casado,1,50290.7,No,1
3263,67,Femenino,Casado,2,99100.1,No,1
3265,97,Masculino,Casado,2,1585.99,No,0
3266,33,Femenino,Casado,2,85433.1,Si,1
3268,58,Masculino,Soltero,1,69473.4,Si,0
3270,47,Femenino,Soltero,0,28891.2,No,1
3276,95,Femenino,Casado,2,46273.9,No,0
3281,36,Masculino,Soltero,1,93607.8,Si,0
3284,79,Masculino,Soltero,1,67137.7,No,0
3288,60,Femenino,Casado,2,48874.7,No,1
3292,55,Femenino,Casado,0,53755.7,No,1
3294,72,Femenino,Casado,1,74263.8,No,1
3298,31,Masculino,Soltero,0,6121.14,No,0
3299,44,Femenino,Casado,0,31561.5,No,1
3320,75,Femenino,Casado,1,55187.6,No,1
3322,53,Masculino,Casado,2,14500.3,No,0
3323,21,Femenino,Casado,2,585.733,No,1
3328,34,Femenino,Casado,2,16616.3,No,0
3332,66,Masculino,Casado,1,31672.4,No,0
3334,63,Masculino,Casado,0,50290.7,Si,0
3336,89,Masculino,Soltero,1,73965.2,No,0
3340,50,Masculino,Casado,2,72356.8,No,0
3342,78,Masculino,Soltero,0,64893.7,Si,0
3346,62,Femenino,Casado,0,18831.1,No,1
3362,44,Femenino,Casado,0,1461.98,No,1
3364,30,Femenino,Casado,0,2031.61,No,0
3365,71,Femenino,Casado,1,29902.9,No,1
3366,64,Femenino,Soltero,0,97524.5,No,1
3370,33,Masculino,Soltero,0,5466.39,Si,0
3377,27,Femenino,Soltero,1,38458.6,Si,1
3378,46,Femenino,Soltero,0,50451.6,No,1
3379,46,Femenino,Soltero,2,41146.2,No,1
3381,96,Masculino,Casado,0,61550.6,Si,0
3382,24,Masculino,Soltero,0,43082.6,No,1
3384,95,Femenino,Soltero,2,7659.09,No,1
3387,19,Masculino,Soltero,0,71861.9,No,0
3388,23,Femenino,Soltero,1,55844.7,No,0
3393,94,Femenino,Soltero,1,91346.9,No,0
3394,62,Femenino,Soltero,0,72358.6,Si,0
3395,52,Femenino,Soltero,0,44497.3,No,1
3396,55,Masculino,Soltero,2,69710.9,Si,1
3397,82,Masculino,Casado,2,77665.6,No,0
3399,19,Masculino,Casado,2,22567.9,Si,0
3405,33,Masculino,Casado,2,42763.7,Si,0
3408,94,Femenino,Soltero,1,46480.7,No,1
3409,65,Femenino,Soltero,0,35219.6,Si,1
3414,44,Masculino,Soltero,2,31264.5,Si,0
3415,76,Masculino,Soltero,1,64520.3,No,0
3417,52,Masculino,Soltero,2,37480.8,No,0
3418,28,Masculino,Soltero,0,37135.5,No,1
3425,92,Masculino,Casado,2,24344.1,No,0
3432,66,Femenino,Casado,2,28384.5,Si,1
3433,79,Masculino,Soltero,2,97928.4,No,0
3434,51,Femenino,Casado,1,53676.8,Si,1
3444,43,Masculino,Casado,2,68467.1,No,0
3447,96,Masculino,Casado,2,57877.5,No,1
3460,96,Masculino,Soltero,2,57814.5,No,0
3462,81,Masculino,Soltero,0,67634.7,No,0
3469,27,Femenino,Casado,1,83682.9,No,0
3470,86,Masculino,Casado,0,98399.9,Si,0
3471,22,Femenino,Casado,1,67744.5,Si,0
3474,60,Femenino,Casado,1,47468.6,No,1
3478,80,Femenino,Soltero,2,47893.1,No,1
3483,68,Masculino,Soltero,1,14904.1,No,0
3486,42,Masculino,Casado,0,42639.1,Si,0
3490,28,Femenino,Soltero,2,90364.4,No,1
3492,79,Masculino,Casado,2,73113.3,No,0
3493,71,Femenino,Soltero,2,4581.9,No,1
3494,89,Masculino,Casado,1,87660.8,No,0
3506,70,Masculino,Soltero,0,56421.8,Si,0
3511,48,Femenino,Casado,2,44596.4,No,1
3518,60,Masculino,Soltero,1,86629.3,No,0
3525,49,Masculino,Soltero,0,41862.6,No,0
3528,62,Masculino,Casado,2,64283.2,Si,0
3529,86,Masculino,Casado,0,92167.3,Si,0
3530,37,Masculino,Soltero,0,79245.1,No,0
3532,46,Masculino,Casado,0,82196.6,No,0
3535,62,Femenino,Soltero,2,15981.7,No,1
3538,56,Masculino,Casado,2,77246.3,No,0
3544,52,Femenino,Casado,0,67026.6,Si,1
3545,44,Femenino,Soltero,0,21038.9,No,1
3555,94,Femenino,Soltero,2,49724.1,No,1
3563,28,Femenino,Casado,1,24935.2,No,1
3565,80,Masculino,Soltero,1,15060.6,Si,0
3569,72,Masculino,Soltero,1,95935.2,No,0
3579,46,Masculino,Soltero,1,11416.7,No,0
3580,81,Femenino,Casado,1,70052,No,1
3583,88,Femenino,Casado,2,66906.6,No,1
3585,53,Masculino,Casado,2,37354,No,0
3587,56,Masculino,Casado,2,79952.9,No,0
3588,23,Femenino,Soltero,1,76659.2,No,0
3595,42,Femenino,Casado,2,75750.1,Si,1
3597,29,Femenino,Casado,1,50290.7,No,1
3599,86,Masculino,Casado,2,78801.2,No,0
3612,80,Masculino,Casado,1,73152,Si,0
3617,33,Femenino,Casado,2,68203.8,Si,0
3621,78,Femenino,Soltero,0,29534.4,No,1
3627,83,Femenino,Casado,1,75265.3,No,1
3628,68,Masculino,Soltero,1,92426.5,No,0
3630,58,Masculino,Soltero,2,17371,No,0
3633,21,Masculino,Soltero,1,92788.1,No,1
3636,30,Masculino,Casado,2,25298.6,No,0
3637,65,Masculino,Casado,2,29609.7,Si,0
3640,88,Masculino,Casado,1,21890,Si,1
3648,75,Masculino,Casado,0,47131.5,No,0
3650,50,Femenino,Casado,0,70004.1,No,1
3651,40,Masculino,Casado,0,66223.5,No,0
3658,32,Femenino,Soltero,2,63041.1,Si,0
3659,23,Femenino,Casado,0,35170.8,No,1
3661,63,Femenino,Soltero,0,3902.04,No,0
3665,31,Femenino,Casado,2,55977.7,No,0
3667,29,Femenino,Casado,0,6921.4,Si,1
3670,64,Femenino,Casado,1,45682.8,No,0
3674,50,Femenino,Casado,2,38281.1,No,1
3675,29,Masculino,Soltero,0,18861.6,Si,1
3683,19,Masculino,Casado,0,89958.8,No,0
3691,25,Femenino,Soltero,0,50290.7,Si,0
3692,30,Femenino,Casado,0,61971.9,Si,0
3696,23,Masculino,Casado,2,25672.6,No,1
3698,82,Masculino,Casado,2,38457.9,No,0
3703,67,Femenino,Soltero,1,96519.1,Si,1
3705,46,Masculino,Casado,0,34805.5,No,0
3709,82,Femenino,Casado,0,38687.2,No,1
3710,62,Femenino,Soltero,0,69977.3,No,1
3719,96,Masculino,Casado,2,95184.9,No,1
3722,64,Masculino,Soltero,0,53919.9,No,0
3728,85,Masculino,Soltero,1,84100.4,No,0
3730,90,Masculino,Casado,0,60550.5,No,0
3735,83,Masculino,Casado,0,14604.9,No,0
3737,18,Femenino,Casado,1,97220.7,No,0
3738,38,Masculino,Casado,0,82003.9,Si,0
3741,78,Masculino,Casado,1,23919.1,No,0
3745,33,Femenino,Casado,2,90971.4,Si,0
3747,41,Femenino,Casado,0,57307.1,No,1
3748,65,Femenino,Soltero,0,73918.3,No,1
3749,52,Femenino,Casado,2,58629.5,No,0
3752,20,Masculino,Casado,2,13573.9,No,0
3753,32,Femenino,Casado,1,22039,Si,0
3764,61,Femenino,Soltero,0,11890.1,Si,1
3767,20,Masculino,Casado,0,8875.47,No,1
3770,74,Femenino,Soltero,0,94582.3,No,1
3772,35,Femenino,Casado,0,77680,No,0
3775,71,Femenino,Soltero,0,61453.1,No,1
3778,87,Masculino,Soltero,1,45476,No,0
3779,82,Femenino,Soltero,0,65670,Si,0
3792,33,Masculino,Casado,2,32573.8,Si,0
3793,89,Femenino,Soltero,0,63092.2,Si,1
3794,54,Masculino,Casado,0,4755.27,No,0
3795,69,Femenino,Casado,2,22925.1,No,1
3796,83,Masculino,Soltero,0,90513.2,No,0
3798,91,Masculino,Casado,0,50290.7,No,0
3801,19,Femenino,Soltero,2,39782,No,1
3803,78,Masculino,Casado,0,84269,No,0
3804,94,Masculino,Casado,1,83495,Si,0
3809,83,Femenino,Soltero,1,28796.4,Si,0
3812,32,Femenino,Casado,2,76791.5,No,0
3817,66,Femenino,Soltero,1,56562.9,No,1
3818,42,Femenino,Soltero,0,74342.9,No,1
3825,27,Femenino,Casado,2,90672.6,No,0
3826,80,Femenino,Casado,1,2279.44,Si,0
3827,74,Masculino,Casado,1,47927.1,No,0
3829,94,Femenino,Casado,1,15862.7,Si,1
3844,35,Masculino,Casado,2,15269.1,No,0
3846,93,Femenino,Soltero,0,32480.3,No,0
3848,30,Masculino,Casado,2,18893.4,No,0
3852,40,Masculino,Casado,2,24329.4,No,0
3858,22,Femenino,Casado,1,91390.6,No,0
3873,72,Femenino,Casado,1,90912.8,No,1
3879,83,Masculino,Casado,1,71000.5,Si,0
3880,94,Femenino,Soltero,1,51269.9,Si,1
3887,21,Masculino,Casado,2,58963.7,No,0
3890,95,Masculino,Casado,1,58167.3,Si,0
3894,82,Masculino,Casado,1,53582.6,No,0
3896,55,Femenino,Soltero,0,43734.1,No,0
3901,43,Femenino,Casado,1,32806.3,No,1
3910,77,Masculino,Casado,0,31852.4,No,0
3911,81,Femenino,Casado,1,71668.2,Si,1
3917,53,Masculino,Soltero,2,8854.31,No,1
3918,88,Femenino,Soltero,1,46056.8,No,0
3933,22,Masculino,Casado,2,65129,Si,0
3936,55,Masculino,Soltero,2,16938.5,No,0
3937,30,Femenino,Casado,0,30174.2,No,0
3939,91,Femenino,Casado,0,82001.8,No,0
3940,19,Femenino,Casado,0,26619.8,No,1
3944,29,Masculino,Soltero,0,94179.1,No,0
3946,33,Femenino,Casado,1,82190.5,Si,0
3950,62,Masculino,Casado,1,57974.8,Si,0
3952,82,Masculino,Soltero,2,50290.7,Si,0
3953,87,Femenino,Soltero,0,70492.4,No,1
3955,71,Masculino,Casado,1,8073.11,No,0
3960,96,Masculino,Casado,0,8118.75,No,1
3961,80,Masculino,Casado,2,95448.6,Si,0
3962,25,Masculino,Soltero,1,24141.5,Si,0
3965,21,Femenino,Casado,0,27469.5,Si,1
3966,66,Femenino,Casado,1,62503.9,No,1
3967,48,Femenino,Casado,1,75738.8,Si,1
3971,92,Masculino,Casado,0,29854.3,No,0
3982,69,Masculino,Casado,0,4684.74,No,1
3988,52,Masculino,Soltero,0,42760.5,No,0
3989,60,Masculino,Soltero,1,49072,No,0
3994,71,Masculino,Casado,0,64882,No,0
3996,79,Masculino,Casado,2,76486.8,Si,0
3997,92,Masculino,Casado,0,92093,Si,0
4002,19,Femenino,Casado,0,68987.5,No,0
4003,26,Femenino,Casado,1,68200,Si,0
4007,70,Femenino,Casado,1,28197.3,Si,1
4011,55,Femenino,Casado,0,67720.2,Si,1
4013,72,Femenino,Soltero,1,78796,No,1
4015,69,Masculino,Casado,0,95405.7,No,0
4017,33,Masculino,Soltero,1,53883.9,No,0
4018,78,Masculino,Casado,1,7426.81,Si,0
4020,52,Masculino,Casado,2,28255,No,0
4023,36,Masculino,Soltero,2,55485.8,Si,0
4024,43,Femenino,Soltero,1,53989.3,No,1
4029,33,Masculino,Casado,1,19173.6,No,0
4031,64,Femenino,Casado,1,79734.6,Si,1
4034,49,Femenino,Casado,2,69865.2,No,1
4035,81,Masculino,Casado,2,90478.6,No,0
4038,81,Femenino,Casado,1,50860.7,Si,1
4040,56,Femenino,Soltero,2,96863.6,No,1
4047,33,Femenino,Casado,2,29368.6,No,0
4052,62,Masculino,Casado,2,50290.7,No,0
4053,24,Femenino,Casado,1,15041.2,Si,1
4063,33,Femenino,Soltero,2,13669.8,No,0
4065,40,Femenino,Soltero,1,26756.6,No,1
4081,94,Masculino,Soltero,0,79690.8,Si,0
4084,22,Masculino,Casado,2,12389.3,Si,0
4085,77,Masculino,Casado,1,21747.7,No,0
4086,53,Masculino,Casado,0,42370.2,No,0
4093,97,Masculino,Casado,2,47333.3,No,0
4094,85,Masculino,Soltero,0,89788,No,0
4101,53,Femenino,Soltero,2,4089.59,No,1
4104,76,Femenino,Casado,1,87797.5,Si,1
4111,78,Masculino,Soltero,0,54670.4,Si,0
4113,37,Femenino,Soltero,1,82335.5,No,0
4115,21,Femenino,Casado,1,78855.5,No,0
4123,48,Masculino,Casado,2,7122.16,Si,0
4125,80,Femenino,Casado,1,26609.9,No,1
4129,21,Masculino,Casado,0,57596.1,No,0
4130,66,Femenino,Soltero,2,43654.4,No,0
4132,56,Masculino,Casado,0,55501.6,Si,0
4137,64,Masculino,Soltero,1,15822.6,Si,0
4138,76,Masculino,Casado,2,23536,No,0
4139,37,Femenino,Soltero,0,95261.8,No,1
4140,55,Femenino,Soltero,0,40200.7,Si,1
4144,40,Masculino,Casado,0,77717.1,No,0
4146,34,Masculino,Casado,2,14794.3,Si,0
4152,59,Femenino,Casado,0,887.5,No,1
4155,79,Femenino,Casado,0,2759.49,No,1
4166,68,Masculino,Casado,2,89449,No,0
4174,47,Masculino,Casado,2,42818.5,No,0
4180,44,Masculino,Soltero,2,54953.1,No,0
4186,75,Femenino,Casado,0,16814.1,Si,0
4189,33,Femenino,Soltero,2,1144.36,Si,0
4194,82,Femenino,Casado,2,72092.3,No,1
4199,83,Masculino,Casado,1,68290.8,Si,0
4201,60,Femenino,Soltero,2,24703.8,No,1
4202,35,Masculino,Soltero,0,44909.2,No,0
4209,85,Masculino,Casado,1,58310.2,Si,0
4212,88,Femenino,Casado,1,96090.2,No,0
4213,27,Femenino,Soltero,0,67668.3,No,0
4217,31,Masculino,Soltero,0,6165.64,Si,0
4228,47,Masculino,Soltero,2,23511.4,Si,0
4230,39,Femenino,Casado,1,46736,No,0
4234,62,Femenino,Casado,2,127.237,No,0
4238,91,Femenino,Casado,1,57517.9,No,0
4242,57,Femenino,Casado,0,70459.5,No,1
4256,86,Femenino,Casado,0,85180.1,No,1
4261,71,Femenino,Casado,0,67812.8,No,1
4262,97,Masculino,Casado,0,45871.4,No,0
4263,49,Masculino,Casado,2,90414.9,Si,0
4264,77,Masculino,Casado,0,31650,Si,0
4265,24,Masculino,Casado,0,25921.4,No,1
4267,50,Femenino,Casado,2,11458.4,Si,0
4271,40,Masculino,Soltero,0,67823.5,Si,0
4273,74,Femenino,Soltero,1,52307,No,1
4282,88,Femenino,Soltero,2,18172.8,Si,1
4287,61,Masculino,Soltero,0,77920.8,No,0
4290,38,Masculino,Casado,2,52989.2,No,1
4291,83,Femenino,Casado,0,42491.4,No,0
4298,64,Masculino,Casado,1,10286.4,No,1
4303,32,Femenino,Casado,2,82258.2,Si,0
4310,58,Femenino,Casado,0,11253,Si,1
4315,62,Masculino,Soltero,2,10219,Si,0
4317,28,Masculino,Casado,1,43448,No,0
4320,83,Femenino,Casado,2,85022.1,No,1
4321,22,Masculino,Casado,2,33149.2,No,0
4323,37,Femenino,Soltero,2,34567,Si,0
4324,58,Femenino,Soltero,1,53357.4,No,0
4328,55,Femenino,Casado,2,9665.54,Si,1
4331,97,Masculino,Casado,0,39383.4,Si,0
4334,37,Masculino,Soltero,0,32872.1,No,0
4339,23,Masculino,Soltero,1,50290.7,No,1
4342,69,Masculino,Soltero,2,52127.5,No,0
4345,65,Femenino,Soltero,2,18151.6,No,1
4350,59,Masculino,Soltero,0,21893.6,No,1
4351,52,Masculino,Soltero,2,78731,No,0
4354,95,Masculino,Casado,2,23764.3,No,0
4360,62,Masculino,Soltero,2,23715,Si,0
4362,46,Masculino,Soltero,1,55634.8,No,0
4365,87,Femenino,Casado,1,12935.2,No,1
4366,32,Femenino,Casado,1,47211.6,Si,1
4367,49,Femenino,Casado,1,97841.7,No,1
4368,88,Femenino,Soltero,2,94665.2,No,1
4369,51,Femenino,Casado,2,33790.9,No,1
4372,30,Femenino,Casado,1,82743,No,0
4373,59,Femenino,Casado,0,10384.5,No,1
4375,48,Masculino,Casado,2,60463.4,Si,0
4381,43,Masculino,Soltero,2,57976.7,No,0
4383,95,Masculino,Casado,1,65745.1,No,0
4384,29,Masculino,Casado,1,38230.4,No,0
4396,96,Masculino,Casado,1,48713.6,Si,0
4402,34,Femenino,Soltero,1,95986,No,0
4403,94,Femenino,Casado,2,37742,No,0
4409,76,Femenino,Casado,1,349.091,Si,1
4411,60,Femenino,Casado,2,99488.1,Si,0
4413,30,Masculino,Casado,2,17555.2,No,0
4416,83,Masculino,Soltero,2,58580.6,Si,0
4427,61,Masculino,Casado,2,53619.2,No,0
4435,27,Masculino,Soltero,1,16712.9,No,1
4442,34,Femenino,Casado,0,32657.7,No,0
4454,39,Masculino,Casado,0,29227.8,No,0
4455,87,Masculino,Soltero,0,37882.5,No,0
4456,91,Femenino,Soltero,2,69984.1,Si,1
4463,44,Masculino,Soltero,2,11861.4,No,0
4466,44,Femenino,Soltero,0,44183.9,Si,1
4471,26,Masculino,Soltero,0,34129.2,Si,1
4486,49,Masculino,Soltero,0,20730.7,No,0
4497,56,Masculino,Casado,1,7330.68,Si,0
4501,96,Masculino,Casado,1,50290.7,No,0
4509,77,Masculino,Soltero,0,81875.8,No,0
4518,52,Femenino,Soltero,0,52963.3,Si,1
4519,78,Masculino,Casado,2,92731.3,Si,0
4525,42,Masculino,Casado,0,4324.22,No,1
4526,63,Masculino,Soltero,0,90335.6,Si,1
4536,28,Masculino,Casado,1,10385.3,No,1
4539,90,Femenino,Casado,1,60034.9,Si,0
4540,70,Femenino,Casado,1,37521.4,No,0
4544,68,Masculino,Soltero,0,3409.01,No,0
4546,40,Femenino,Soltero,1,16463,Si,1
4548,31,Masculino,Soltero,1,28464,Si,0
4549,25,Femenino,Soltero,1,7320.73,No,1
4551,28,Masculino,Casado,0,96563.5,Si,0
4552,54,Femenino,Soltero,0,60774.6,No,1
4558,44,Masculino,Casado,1,36638.2,No,1
4564,39,Femenino,Soltero,2,51662.2,No,0
4565,69,Masculino,Casado,0,67108.3,Si,1
4571,29,Masculino,Casado,2,21288.3,No,1
4584,78,Masculino,Soltero,0,59699.8,No,0
4587,87,Femenino,Soltero,0,20409,Si,1
4589,27,Masculino,Casado,0,85079.5,No,0
4590,63,Masculino,Casado,2,31282.8,Si,0
4592,26,Femenino,Casado,0,57372.4,Si,0
4602,89,Femenino,Soltero,2,27492.2,No,1
4604,73,Masculino,Casado,0,19654.9,No,0
4605,84,Femenino,Casado,2,23684.1,No,0
4607,73,Masculino,Casado,2,7010.68,No,0
4612,84,Femenino,Casado,0,87840.6,Si,1
4613,45,Masculino,Casado,2,23695.6,No,0
4614,24,Femenino,Casado,1,33065,No,1
4619,32,Masculino,Casado,2,24176.8,Si,0
4622,46,Masculino,Casado,0,10689.4,No,0
4628,18,Masculino,Soltero,2,19546.6,No,0
4632,65,Masculino,Casado,1,82783.8,Si,0
4634,49,Masculino,Soltero,1,29894.4,No,0
4637,63,Masculino,Soltero,2,39753.3,No,0
4644,54,Femenino,Soltero,1,11659.5,Si,1
4645,25,Masculino,Soltero,2,56861.8,No,0
4647,70,Femenino,Soltero,0,87788.7,Si,1
4654,97,Femenino,Casado,0,50290.7,No,1
4656,82,Femenino,Casado,1,77265.5,No,1
4658,69,Femenino,Soltero,2,67773.9,No,0
4660,20,Masculino,Soltero,1,87491,No,0
4662,38,Masculino,Casado,0,94002.6,No,0
4663,21,Femenino,Casado,0,64236.8,No,1
4668,20,Femenino,Casado,2,3628.78,No,0
4672,94,Masculino,Soltero,2,22685.3,Si,0
4682,26,Masculino,Soltero,2,14785.7,No,1
4684,65,Femenino,Casado,1,23947.8,No,1
4687,64,Masculino,Casado,1,43644.7,Si,0
4688,49,Masculino,Casado,0,11131.6,Si,0
4690,74,Masculino,Casado,1,60933.9,No,1
4691,50,Femenino,Soltero,2,21396.2,Si,1
4699,48,Masculino,Casado,1,23668.2,Si,0
4700,94,Masculino,Casado,2,49022.9,No,0
4704,87,Masculino,Soltero,1,85705.8,No,0
4713,75,Femenino,Casado,2,49561,No,1
4715,48,Femenino,Soltero,1,79129.2,No,1
4717,30,Femenino,Casado,1,17866.9,No,0
4720,67,Femenino,Soltero,1,91347.1,No,1
4722,20,Masculino,Soltero,1,44469.6,Si,0
4724,68,Femenino,Casado,0,73728.3,No,1
4727,53,Femenino,Casado,2,64546.4,Si,0
4728,23,Masculino,Soltero,1,84217.7,Si,0
4735,47,Femenino,Casado,1,63778.3,Si,1
4738,25,Femenino,Casado,1,10107.7,Si,1
4743,19,Femenino,Casado,1,73089.7,Si,0
4746,23,Femenino,Soltero,1,63712.1,No,0
4749,36,Masculino,Soltero,1,35381.6,No,0
4752,48,Masculino,Casado,0,39598.7,No,0
4754,20,Femenino,Soltero,2,23671.6,No,1
4757,21,Femenino,Casado,0,77210.6,No,0
4762,61,Masculino,Soltero,2,66026,No,0
4767,51,Femenino,Casado,2,32118.4,No,1
4771,56,Masculino,Soltero,2,86258.6,No,0
4772,48,Femenino,Casado,2,85246.6,No,1
4778,29,Masculino,Casado,2,98734.7,No,0
4779,70,Femenino,Soltero,0,61639.7,No,1
4780,93,Masculino,Soltero,1,14258.4,Si,1
4784,85,Femenino,Soltero,1,23657.4,No,1
4791,86,Femenino,Soltero,0,99514.6,Si,1
4792,44,Femenino,Casado,2,92285.4,No,0
4798,82,Masculino,Casado,0,40551,Si,0
4801,45,Masculino,Casado,0,70239.8,No,0
4802,59,Femenino,Casado,0,29953.1,No,1
4807,50,Masculino,Casado,0,19231.2,No,0
4808,94,Masculino,Casado,0,50290.7,No,0
4811,56,Masculino,Casado,2,46165.2,No,0
4812,55,Femenino,Soltero,0,54844.2,Si,1
4815,94,Femenino,Casado,1,66755.6,No,1
4817,56,Masculino,Soltero,1,92798.9,No,0
4820,49,Femenino,Casado,0,68828.4,Si,1
4821,57,Masculino,Casado,1,77149.1,No,0
4823,70,Masculino,Casado,1,42211.8,No,0
4824,89,Masculino,Casado,0,91655.8,No,0
4825,18,Masculino,Casado,0,77293.3,Si,0
4828,65,Femenino,Casado,1,62751.3,No,1
4830,41,Femenino,Casado,1,43563.4,No,1
4832,61,Femenino,Casado,1,79685,No,1
4837,83,Masculino,Soltero,1,65867.1,No,0
4838,48,Masculino,Casado,1,75818.9,No,0
4839,34,Masculino,Soltero,0,49728.7,No,0
4853,60,Masculino,Casado,0,20953.2,No,0
4857,64,Femenino,Casado,2,56412.5,No,1
4859,63,Femenino,Soltero,2,25200.8,No,0
4861,56,Masculino,Soltero,2,61417.3,Si,0
4863,41,Femenino,Casado,1,47916.3,No,1
4870,41,Femenino,Casado,0,45103.4,No,0
4874,25,Masculino,Casado,0,94451.7,Si,0
4875,85,Masculino,Soltero,0,57933.1,Si,0
4880,95,Masculino,Casado,0,585.791,No,0
4886,70,Masculino,Casado,1,76837.4,No,0
4888,20,Masculino,Casado,2,66312.2,Si,0
4895,74,Masculino,Soltero,0,2825.56,No,0
4896,65,Femenino,Casado,0,10391.1,No,1
4897,59,Masculino,Casado,2,40637.4,No,0
4898,57,Masculino,Casado,2,66634.9,No,0
4907,37,Femenino,Casado,2,53162.2,Si,0
4914,63,Femenino,Casado,2,84342.2,No,0
4917,85,Masculino,Soltero,2,96929.8,No,0
4921,55,Masculino,Casado,1,86537.4,Si,0
4923,54,Masculino,Soltero,0,84754.4,No,0
4927,67,Masculino,Casado,0,81360.6,No,1
4929,82,Femenino,Casado,2,89270.4,No,0
4935,53,Masculino,Casado,2,50290.7,No,0
4936,81,Femenino,Casado,2,94159.9,No,1
4937,81,Masculino,Casado,2,57898.5,No,0
4940,42,Femenino,Casado,1,62126.4,Si,1
4941,76,Masculino,Soltero,1,57091.6,Si,0
4943,63,Masculino,Soltero,1,75826.6,No,1
4945,82,Femenino,Soltero,0,8604.64,No,1
4947,50,Masculino,Casado,0,73210.8,Si,0
4950,81,Femenino,Soltero,2,87872.9,Si,1
4951,21,Masculino,Casado,0,63671.3,Si,0
4952,59,Femenino,Casado,0,91427.2,No,1
4955,86,Masculino,Casado,2,88392,No,0
4956,90,Masculino,Soltero,0,8513.14,No,0
4957,63,Masculino,Soltero,2,16472.4,No,0
4962,80,Femenino,Casado,2,83890.7,No,0
4963,34,Masculino,Soltero,2,9229.55,No,0
4965,56,Femenino,Casado,0,58641.2,No,0
4969,37,Femenino,Casado,2,11947.3,No,0
4977,69,Femenino,Soltero,0,86735.5,No,0
4980,86,Femenino,Casado,1,44773.7,Si,1
4981,35,Masculino,Casado,2,18345.3,Si,1
4985,84,Masculino,Casado,0,94243.8,No,0
4987,38,Femenino,Casado,2,84653.1,Si,0
4993,95,Femenino,Soltero,2,52997.5,Si,1
4996,70,Femenino,Casado,1,85192.9,Si,1
4998,37,Masculino,Casado,0,11693.3,No,0
4999,41,Masculino,Casado,0,59898.4,No,0
